delivery_id,customer,latitude,longitude,distance_km,traffic,weather,delivery_time_min
D001,Customer 1,19.987454,77.040827,4.49,Low,Cloudy,29.37
D002,Customer 2,20.045071,76.973956,5.7,Medium,Cloudy,39.42
D003,Customer 3,20.023199,76.964489,4.52,Medium,Clear,33.76
D004,Customer 4,20.009866,76.998945,1.1,Medium,Rain,25.29
D005,Customer 5,19.965602,77.048565,6.36,Medium,Clear,39.78
D006,Customer 6,19.965599,76.974206,4.68,High,Clear,38.13
D007,Customer 7,19.955808,77.017214,5.23,Medium,Clear,42.81
D008,Customer 8,20.036618,77.026162,4.9,Low,Clear,29.71
D009,Customer 9,20.010112,76.973764,2.96,Medium,Clear,25.74
D010,Customer 10,20.020807,77.022822,3.32,Low,Clear,23.92
D011,Customer 11,19.952058,76.986778,5.51,Medium,Clear,37.7
D012,Customer 12,20.046991,77.013231,5.4,Low,Cloudy,33.94
D013,Customer 13,20.033244,77.013353,3.95,Low,Cloudy,30.64
D014,Customer 14,19.971234,77.003577,3.22,High,Cloudy,41.15
D015,Customer 15,19.968182,76.959029,5.55,High,Rain,51.61
D016,Customer 16,19.96834,77.03353,4.97,Medium,Clear,34.15
D017,Customer 17,19.980424,76.982078,2.87,Medium,Clear,26.65
D018,Customer 18,20.002476,76.968652,3.29,Low,Rain,24.25
D019,Customer 19,19.993195,76.954078,4.86,Low,Clear,24.89
D020,Customer 20,19.979123,77.009089,2.51,Low,Rain,32.14
D021,Customer 21,20.011185,77.017756,2.23,Medium,Clear,29.85
D022,Customer 22,19.963949,76.951659,6.45,Medium,Rain,49.05
D023,Customer 23,19.979214,77.001209,2.31,Medium,Clear,26.97
D024,Customer 24,19.986636,76.97265,3.22,Low,Rain,31.81
D025,Customer 25,19.995607,77.014517,1.59,High,Cloudy,41.6
D026,Customer 26,20.028518,76.967437,4.65,Medium,Rain,45.96
D027,Customer 27,19.969967,77.019094,3.89,Medium,Clear,31.18
D028,Customer 28,20.001423,76.988674,1.19,Medium,Cloudy,20.89
D029,Customer 29,20.009241,77.043673,4.68,Medium,Rain,37.9
D030,Customer 30,19.954645,76.963752,6.31,Low,Cloudy,38.85
D031,Customer 31,20.010754,76.984107,2.05,Low,Cloudy,18.93
D032,Customer 32,19.967052,76.961347,5.45,Medium,Cloudy,36.53
D033,Customer 33,19.956505,77.042469,6.56,Low,Clear,34.3
D034,Customer 34,20.044889,77.037734,6.36,Low,Cloudy,35.2
D035,Customer 35,20.046563,76.975794,5.76,Low,Cloudy,41.1
D036,Customer 36,20.03084,77.015998,3.81,Low,Rain,35.88
D037,Customer 37,19.980461,77.031722,3.96,High,Clear,38.82
D038,Customer 38,19.959767,77.00552,4.51,Medium,Clear,38.48
D039,Customer 39,20.018423,77.002965,2.07,Medium,Rain,32.51
D040,Customer 40,19.994015,76.974185,2.78,Low,Rain,26.54
D041,Customer 41,19.962204,76.95931,5.98,Medium,Clear,44.49
D042,Customer 42,19.999518,77.039722,4.15,Medium,Cloudy,37.22
D043,Customer 43,19.953439,77.040042,6.66,Low,Clear,33.53
D044,Customer 44,20.040932,77.01331,4.76,Medium,Clear,34.47
D045,Customer 45,19.975878,76.983903,3.17,Low,Clear,20.05
D046,Customer 46,20.016252,76.984921,2.4,Medium,Clear,21.45
D047,Customer 47,19.981171,77.022596,3.16,Medium,Cloudy,34.42
D048,Customer 48,20.002007,77.039711,4.16,Low,Clear,32.37
D049,Customer 49,20.004671,77.038709,4.08,Low,Rain,30.12
D050,Customer 50,19.968485,77.027988,4.56,Medium,Rain,43.93
D051,Customer 51,20.046958,77.014203,5.43,Medium,Cloudy,38.77
D052,Customer 52,20.027513,76.958414,5.31,High,Cloudy,45.78
D053,Customer 53,20.04395,76.966163,6.03,Medium,Clear,38.34
D054,Customer 54,20.039483,77.039855,6.05,Low,Rain,39.61
D055,Customer 55,20.00979,77.010643,1.56,Low,Cloudy,19.39
D056,Customer 56,20.042187,76.95092,6.95,Medium,Clear,41.31
D057,Customer 57,19.958849,76.960147,6.19,Low,Rain,43.57
D058,Customer 58,19.969598,77.01635,3.79,Medium,Rain,39.01
D059,Customer 59,19.954523,76.950506,7.23,High,Rain,59.2
D060,Customer 60,19.982533,76.966081,4.04,Medium,Cloudy,32.44
D061,Customer 61,19.988868,77.004873,1.34,Low,Cloudy,16.63
D062,Customer 62,19.977135,77.01919,3.24,Medium,Clear,31.23
D063,Customer 63,20.032874,77.015196,3.99,Medium,Rain,41.46
D064,Customer 64,19.985675,76.972427,3.29,Medium,Rain,34.23
D065,Customer 65,19.978093,77.021218,3.29,High,Clear,36.46
D066,Customer 66,20.00427,76.973725,2.79,Low,Clear,23.41
D067,Customer 67,19.964092,76.98254,4.39,High,Clear,35.55
D068,Customer 68,20.03022,77.024649,4.23,High,Rain,49.55
D069,Customer 69,19.957455,77.014963,4.98,Low,Rain,35.93
D070,Customer 70,20.048689,77.034922,6.53,Low,Clear,37.83
D071,Customer 71,20.027224,77.015761,3.45,Low,Cloudy,24.51
D072,Customer 72,19.969872,77.006831,3.43,Low,Clear,18.31
D073,Customer 73,19.950552,76.959367,6.95,Low,Rain,40.92
D074,Customer 74,20.031546,76.986772,3.77,Medium,Rain,39.22
D075,Customer 75,20.020686,76.97652,3.36,Low,Rain,32.22
D076,Customer 76,20.022901,76.974399,3.69,Low,Clear,22.05
D077,Customer 77,20.027127,77.047301,5.79,High,Clear,48.08
D078,Customer 78,19.957404,76.98931,4.87,Low,Clear,24.5
D079,Customer 79,19.985847,77.039205,4.39,High,Clear,40.36
D080,Customer 80,19.961587,77.013114,4.49,Low,Rain,32.33
D081,Customer 81,20.03631,77.029481,5.08,Low,Rain,36.36
D082,Customer 82,20.01233,77.000264,1.37,Medium,Rain,29.62
D083,Customer 83,19.98309,77.00769,2.04,Medium,Rain,29.58
D084,Customer 84,19.956356,76.999252,4.85,High,Cloudy,44.25
D085,Customer 85,19.981098,76.969524,3.82,Medium,Cloudy,37.3
D086,Customer 86,19.982518,77.022245,3.03,High,Rain,41.39
D087,Customer 87,20.022961,76.978077,3.43,Low,Rain,34.23
D088,Customer 88,20.013756,76.952432,5.2,Low,Clear,27.41
D089,Customer 89,20.038721,77.014547,4.57,Medium,Clear,35.87
D090,Customer 90,19.997221,76.967711,3.39,High,Clear,40.88
D091,Customer 91,19.961959,77.044046,6.25,High,Rain,48.59
D092,Customer 92,20.021324,77.045393,5.3,Medium,Cloudy,37.81
D093,Customer 93,20.026079,77.041486,5.22,Low,Clear,32.61
D094,Customer 94,20.006128,76.987016,1.52,Medium,Cloudy,24.47
D095,Customer 95,20.027097,76.951546,5.89,Low,Cloudy,37.67
D096,Customer 96,19.99938,77.042832,4.48,High,Clear,39.11
D097,Customer 97,20.002273,76.992818,0.79,High,Clear,26.42
D098,Customer 98,19.992754,77.046665,4.94,Medium,Cloudy,38.29
D099,Customer 99,19.952542,77.046362,7.16,Medium,Cloudy,51.14
D100,Customer 100,19.960789,77.035301,5.71,Medium,Cloudy,42.6
D101,Customer 101,19.953143,76.979445,5.64,Low,Cloudy,36.57
D102,Customer 102,20.013641,76.98851,1.93,High,Rain,37.48
D103,Customer 103,19.981436,77.035114,4.21,Medium,Cloudy,34.38
D104,Customer 104,20.000857,76.981692,1.92,High,Cloudy,32.38
D105,Customer 105,20.040757,76.966949,5.7,Low,Rain,41.98
D106,Customer 106,19.974929,77.00568,2.85,High,Clear,33.14
D107,Customer 107,19.991038,77.043615,4.67,Low,Clear,29.55
D108,Customer 108,20.025555,77.019603,3.5,Low,Clear,30.23
D109,Customer 109,19.97288,77.007006,3.1,High,Cloudy,41.01
D110,Customer 110,19.957698,76.959718,6.31,Low,Cloudy,37.26
D111,Customer 111,19.978975,77.011501,2.63,Low,Cloudy,27.12
D112,Customer 112,19.966122,77.049005,6.36,High,Clear,47.22
D113,Customer 113,20.04297,76.964008,6.08,High,Clear,41.21
D114,Customer 114,20.030812,77.001833,3.43,Medium,Clear,26.7
D115,Customer 115,20.01334,77.037737,4.21,Medium,Clear,27.23
D116,Customer 116,20.037146,77.024077,4.84,Medium,Cloudy,37.31
D117,Customer 117,20.030367,77.019702,3.95,Low,Clear,25.86
D118,Customer 118,19.968657,77.020248,4.08,Low,Clear,31.35
D119,Customer 119,20.039256,76.985949,4.61,Medium,Rain,43.42
D120,Customer 120,20.003934,76.979359,2.2,Medium,Clear,24.14
D121,Customer 121,20.030744,77.030936,4.7,Medium,Cloudy,40.29
D122,Customer 122,20.039609,77.031011,5.47,Medium,Cloudy,34.25
D123,Customer 123,19.9818,77.036707,4.34,Low,Clear,28.07
D124,Customer 124,19.961005,77.041324,6.12,Medium,Cloudy,45.79
D125,Customer 125,19.972794,77.001134,3.03,Low,Rain,25.68
D126,Customer 126,19.992711,77.000152,0.81,Medium,Rain,30.67
D127,Customer 127,20.031801,77.02983,4.71,Medium,Clear,35.86
D128,Customer 128,20.036073,77.014996,4.31,High,Rain,46.99
D129,Customer 129,19.950695,77.020197,5.87,Low,Clear,35.38
D130,Customer 130,20.001075,77.029579,3.09,Low,Clear,29.17
D131,Customer 131,19.991741,77.039001,4.18,Low,Clear,27.27
D132,Customer 132,19.972211,76.9838,3.52,Medium,Rain,38.82
D133,Customer 133,19.961987,76.987558,4.42,Medium,Clear,32.3
D134,Customer 134,19.983762,76.959398,4.61,Low,Clear,25.89
D135,Customer 135,20.044291,77.007828,4.99,Low,Cloudy,35.45
D136,Customer 136,19.98232,76.953594,5.23,Medium,Clear,34.35
D137,Customer 137,20.001879,76.99656,0.42,Low,Clear,11.89
D138,Customer 138,20.020302,77.004264,2.3,High,Clear,30.77
D139,Customer 139,19.986363,76.978654,2.7,Medium,Clear,28.24
D140,Customer 140,20.047178,77.009083,5.33,Low,Clear,32.32
D141,Customer 141,20.046245,76.95305,7.11,Low,Clear,41.55
D142,Customer 142,19.975178,76.953735,5.57,High,Cloudy,46.75
D143,Customer 143,19.999725,77.03226,3.37,Low,Clear,22.67
D144,Customer 144,19.980088,76.986019,2.65,Low,Clear,17.66
D145,Customer 145,19.978484,76.962706,4.57,High,Rain,47.95
D146,Customer 146,19.953689,77.002224,5.15,High,Clear,44.73
D147,Customer 147,20.010956,77.026999,3.07,High,Cloudy,40.55
D148,Customer 148,20.000268,76.971582,2.97,Medium,Clear,25.11
D149,Customer 149,19.955148,77.012289,5.15,Low,Clear,33.21
D150,Customer 150,19.977865,76.958535,4.98,Low,Clear,33.99
